{"chunk_definitions":[{"chunk_id":"csetup_chunk","chunk_label":"setup","document_id":"3DBAC95F","expansion_state":0,"options":{"engine":"r","include":false,"label":"setup"},"row":12,"row_count":1,"visible":true},{"chunk_id":"cnr2xpmn8gefu","chunk_label":"unnamed-chunk-1","document_id":"3DBAC95F","expansion_state":0,"options":{"engine":"r","label":"unnamed-chunk-1"},"row":140,"row_count":1,"visible":true},{"chunk_id":"cqx7exzlyxomj","chunk_label":"unnamed-chunk-2","document_id":"3DBAC95F","expansion_state":0,"options":{"engine":"r","label":"unnamed-chunk-2"},"row":159,"row_count":1,"visible":true},{"chunk_id":"cxglq3goumz30","chunk_label":"unnamed-chunk-3","document_id":"3DBAC95F","expansion_state":0,"options":{"engine":"r","label":"unnamed-chunk-3"},"row":208,"row_count":1,"visible":true},{"chunk_id":"ceeen1qvxovi0","chunk_label":"unnamed-chunk-4","document_id":"3DBAC95F","expansion_state":0,"options":{"engine":"r","label":"unnamed-chunk-4"},"row":227,"row_count":1,"visible":true},{"chunk_id":"cddui6tk1x8o8","chunk_label":"unnamed-chunk-5","document_id":"3DBAC95F","expansion_state":0,"options":{"engine":"r","fig.align":"center","fig.height":3.500000000000000,"fig.width":5,"label":"unnamed-chunk-5"},"row":244,"row_count":1,"visible":true},{"chunk_id":"cbg3lhe1m1l0w","chunk_label":"unnamed-chunk-6","document_id":"3DBAC95F","expansion_state":0,"options":{"engine":"r","label":"unnamed-chunk-6"},"row":266,"row_count":1,"visible":true},{"chunk_id":"cddlc97xxsqou","chunk_label":"unnamed-chunk-7","document_id":"3DBAC95F","expansion_state":0,"options":{"engine":"r","label":"unnamed-chunk-7"},"row":280,"row_count":1,"visible":true},{"chunk_id":"cl98uq637y7m6","chunk_label":"unnamed-chunk-8","document_id":"3DBAC95F","expansion_state":0,"options":{"engine":"r","label":"unnamed-chunk-8"},"row":311,"row_count":1,"visible":true}],"default_chunk_options":{"comment":null,"echo":true,"error":false},"doc_write_time":1560800175,"working_dir":null}